{
  "years":[1945, 1946, 1947, 1948, 1949, 1950, 1951, 1952, 1953, 1954, 1955, 1956, 1957, 1958, 1959, 1960, 1961, 1962, 1963, 1964, 1965, 1966, 1967, 1968, 1969, 1970, 1971, 1972, 1973, 1974, 1975, 1976, 1977, 1978, 1979, 1980, 1981, 1982, 1983, 1984, 1985, 1986, 1987, 1988, 1989, 1990, 1991, 1992, 1993, 1994, 1995, 1996, 1997, 1998, 1999, 2000, 2001, 2002, 2003, 2004, 2005, 2006, 2007, 2008, 2009, 2010, 2011, 2012, 2013, 2014, 2015, 2016, 2017],
  "tests":{
    "United States": [0, 0, 0, 0, 0, 0, 0, 0, 0, 0, 0, 0, 0, 0, 0, 0.069277798, 0.215179689, 0.26868399, 0.353732927, 0.34326063, 0.349964002, 0.487348895, 0.594980562, 0.952330207, 0.97567778, 1.436303299, 2.380678416, 3.123154822, 4.536585688, 6.194698404, 9.124684262, 9.474933313, 11.91227232, 12.64814746, 11.46197571, 10.96612725, 11.8601212, 12.61190717, 12.71102146, 13.55141482, 15.51193797, 16.62598059, 17.76050011, 19.54453434, 17.94071139, 19.09537023, 19.95148838, 20.05658294, 19.07660872, 19.66840777, 20.05989252, 19.58817324, 18.14605334, 18.77048887, 19.92470644, 19.81472397, 20.64701468, 19.9811047, 19.42999258, 19.60760159, 18.99150762, 19.09223158, 19.34899275, 19.29099374, 19.93112298, 19.26644609, 18.98484619, 18.75791991, 19.17383116, 19.2302385, 19.32377763, 0, 0],
    "Russia": [0, 0, 0, 0, 0, 0, 0, 0, 0, 0, 0, 0, 0, 0, 0, 0, 0, 0, 0, 0, 0, 0, 0, 0, 0, 0, 0, 0, 0, 0, 0, 0, 0, 0, 0, 0, 0, 0, 0, 0, 0, 0, 0, 0, 0, 10.93238288, 11.23274257, 11.86236303, 12.47104223, 11.18094918, 11.58661088, 12.88470584, 13.02224985, 12.74768848, 14.41703821, 14.91383599, 15.39749453, 15.92568188, 16.44289577, 15.56148209, 15.71198927, 15.74016592, 15.79229899, 15.70494332, 16.52288532, 16.44748271, 16.42363113, 16.60262243, 16.31144046, 17.0150979, 0, 0, 0],
    "United Kingdom": [0, 0, 0, 0, 0, 0, 0, 0, 0, 0, 0, 0, 0, 0, 0, 1.602905988, 1.737735325, 2.299703264, 3.652064148, 4.45826825, 7.7335786, 10.02037084, 11.21523696, 11.76460019, 12.24248742, 10.48811761, 10.7712038, 11.18024714, 9.950880036, 12.34095198, 11.20351564, 13.13394774, 14.20544493, 12.99439367, 12.82726984, 13.03300935, 13.72223045, 16.18545621, 18.11827976, 19.25098789, 20.72991561, 19.73543118, 18.31231518, 20.69032977, 22.94203246, 20.6917279, 21.95194055, 24.05134243, 27.77827864, 27.16168652, 26.75697542, 27.1020546, 28.1075663, 27.55241928, 26.04599589, 22.72133556, 23.56211817, 22.84169061, 22.42580867, 20.44556556, 20.6405244, 19.17774445, 16.03884256, 13.63874958, 18.52140745, 16.41839156, 18.95612172, 19.55754204, 19.86283065, 19.01262478, 20.91385318, 0, 0],
    "France": [0, 0, 0, 0, 0, 0, 0, 0, 0, 0, 0, 0, 0, 0, 0, 0.194513649, 0.339241901, 0.542717489, 0.505094299, 0.663351597, 0.9922916, 1.449288441, 2.499016135, 2.870793991, 3.604887984, 3.889744044, 5.990413798, 8.5233147, 8.076906218, 7.864723544, 9.848133237, 7.664543834, 8.546448087, 13.47940481, 16.61752658, 23.80454553, 38.21282154, 39.1136504, 48.84259494, 59.26924591, 65.42034249, 70.48642023, 70.53410618, 70.60440968, 75.31732146, 75.28325811, 73.36828959, 73.57324064, 78.39558483, 75.85046556, 76.79768567, 78.03833765, 78.94266181, 76.48649821, 75.6362269, 77.57369428, 77.221128, 78.89023355, 78.55153303, 78.81714758, 79.04781079, 79.05965945, 77.99922662, 77.25834297, 77.21209129, 75.94052651, 79.5116603, 75.96277983, 74.70448631, 78.23558829, 77.62780083, 0, 0],
    "China": [0, 0, 0, 0, 0, 0, 0, 0, 0, 0, 0, 0, 0, 0, 0, 0, 0, 0, 0, 0, 0, 0, 0, 0, 0, 0, 0, 0, 0, 0, 0, 0, 0, 0, 0, 0, 0, 0, 0, 0, 0, 0, 0, 0, 0, 0, 0, 0, 0.191317022, 1.589666521, 1.273223708, 1.327297638, 1.269315285, 1.207708779, 1.205635493, 1.234530566, 1.179784044, 1.519015043, 2.268318021, 2.290399555, 2.12312425, 1.913603638, 1.893174152, 1.972608903, 1.887829029, 1.760219422, 1.835335837, 1.953846265, 2.053005141, 2.33928636, 0, 0, 0],
    "India": [0, 0, 0, 0, 0, 0, 0, 0, 0, 0, 0, 0, 0, 0, 0, 0, 0, 0, 0, 0, 0, 0, 0, 0, 0, 0, 1.792600627, 1.606727551, 3.291389637, 2.876966014, 3.056118055, 3.401139988, 2.296619764, 2.515232137, 2.55005717, 2.492338613, 2.282929041, 1.429157066, 2.333739182, 2.370826328, 2.677256752, 2.462114712, 2.269183274, 2.38089391, 1.701506155, 2.097823265, 1.730586113, 1.99477432, 1.495933157, 1.445192458, 1.884057971, 2.047486519, 2.133164649, 2.366645426, 2.427579383, 2.966887138, 3.311111905, 3.176074771, 2.731866812, 2.487021028, 2.420716098, 2.429877072, 2.058980309, 1.759522841, 2.031610091, 2.681802217, 3.00473879, 2.926497419, 2.874003318, 2.790639431, 0, 0, 0],
    "Pakistan": [0, 0, 0, 0, 0, 0, 0, 0, 0, 0, 0, 0, 0, 0, 0, 0, 0, 0, 0, 0, 0, 0, 0, 0, 0, 0, 1.373481247, 1.373481247, 3.628984123, 5.063989409, 6.08590685, 5.910852713, 3.870552542, 1.866666667, 0.747848173, 0.013356485, 0.93388121, 1.034599729, 1.157536681, 1.481278288, 1.504151632, 1.680409551, 1.748946103, 0.767580309, 0.086702696, 0.777745335, 0.93728698, 1.192378611, 0.981321328, 0.954159276, 0.848008146, 0.585200846, 0.603330384, 0.434064926, 0.606567346, 2.931763462, 3.163053983, 2.298425446, 2.177409378, 3.264081094, 2.65302417, 2.329630497, 3.216566835, 1.766067063, 3.034910914, 3.623495508, 5.536859817, 4.736540962, 4.890656828, 4.757542902, 0, 0, 0],
    "North Korea": [0, 0, 0, 0, 0, 0, 0, 0, 0, 0, 0, 0, 0, 0, 0, 0, 0, 0, 0, 0, 0, 0, 0, 0, 0, 0, 0, 0, 0, 0, 0, 0, 0.267047805, 7.375436369, 8.853932584, 9.336985419, 7.205213023, 8.758870182, 18.35209826, 21.91495688, 28.86720568, 44.30863135, 54.08298025, 47.59084759, 50.55232403, 50.19122909, 49.72054214, 45.44066107, 40.64599574, 36.25714003, 37.00417911, 36.48675995, 34.70560163, 41.50942523, 43.74607379, 37.76574728, 36.2729146, 36.11326727, 37.78420763, 35.65486127, 37.84192805, 36.97740324, 33.56077059, 34.00445109, 32.71615051, 29.91556577, 29.75139072, 28.31363538, 25.80150997, 28.65300275, 29.99894397, 0, 0]
  }
}